,TF,Target
0,141,141
1,141,868
2,141,270
3,141,569
4,666,867
5,666,544
6,666,716
7,666,507
8,666,823
9,666,63
10,666,510
11,666,663
12,666,50
13,666,567
14,666,32
15,666,108
16,666,584
17,666,75
18,666,598
19,666,97
20,666,653
21,666,851
22,666,0
23,666,136
24,666,607
25,666,589
26,666,513
27,666,196
28,666,78
29,666,828
30,666,94
31,666,284
32,666,441
33,666,377
34,666,450
35,666,83
36,666,188
37,666,181
38,666,685
39,666,431
40,666,602
41,666,519
42,666,225
43,666,864
44,666,328
45,666,148
46,666,454
47,666,197
48,666,325
49,666,268
50,666,487
51,666,550
52,666,509
53,666,767
54,666,169
55,666,142
56,666,554
57,666,711
58,666,153
59,666,485
60,666,843
61,666,820
62,666,199
63,666,237
64,666,856
65,666,235
66,666,511
67,666,293
68,666,120
69,666,759
70,666,809
71,666,158
72,666,830
73,666,154
74,666,409
75,666,173
76,666,316
77,666,783
78,666,345
79,666,258
80,666,497
81,666,742
82,666,426
83,666,137
84,666,709
85,666,322
86,666,641
87,666,375
88,666,195
89,666,134
90,666,124
91,666,638
92,666,747
93,666,52
94,666,207
95,666,868
96,666,728
97,666,394
98,666,26
99,666,603
100,666,138
101,666,412
102,666,99
103,666,259
104,666,793
105,666,702
106,666,816
107,666,645
108,666,749
109,666,39
110,666,643
111,666,226
112,666,353
113,666,837
114,666,527
115,666,672
116,666,100
117,666,734
118,666,272
119,666,270
120,666,808
121,666,869
122,666,733
123,666,474
124,666,386
125,666,413
126,666,831
127,666,189
128,666,240
129,666,129
130,666,738
131,666,218
132,666,557
133,666,379
134,666,594
135,666,266
136,666,620
137,666,332
138,666,439
139,666,650
140,666,617
141,666,448
142,666,338
143,666,600
144,666,366
145,666,211
146,666,274
147,666,505
148,666,355
149,666,740
150,666,785
151,666,764
152,666,726
153,666,436
154,666,116
155,666,405
156,666,288
157,666,610
158,666,163
159,666,370
160,666,673
161,666,427
162,666,821
163,666,822
164,666,68
165,666,371
166,666,66
167,666,285
168,666,625
169,666,161
170,666,96
171,666,729
172,666,470
173,666,110
174,666,482
175,666,774
176,666,717
177,666,165
178,666,438
179,666,775
180,666,177
181,666,845
182,666,848
183,666,206
184,666,117
185,666,863
186,666,473
187,666,548
188,666,585
189,666,98
190,666,131
191,666,651
192,666,440
193,666,596
194,666,642
195,666,499
196,666,861
197,666,42
198,666,219
199,666,93
200,666,53
201,666,719
202,666,686
203,666,833
204,666,670
205,666,384
206,666,502
207,666,301
208,666,595
209,666,520
210,666,111
211,666,611
212,666,368
213,666,41
214,666,10
215,666,149
216,666,187
217,666,241
218,666,866
219,666,472
220,666,586
221,666,27
222,666,633
223,666,144
224,666,35
225,666,119
226,666,591
227,666,340
228,666,730
229,666,569
230,666,291
231,666,319
232,666,792
233,666,176
234,666,528
235,666,273
236,666,647
237,666,327
238,666,392
239,666,415
240,666,529
241,666,604
242,666,7
243,666,45
244,666,824
245,666,373
246,666,33
247,666,699
248,666,23
249,666,817
250,666,551
251,666,524
252,666,498
253,666,15
254,666,24
255,666,577
256,666,89
257,666,17
258,666,294
259,666,772
260,666,305
261,222,365
262,222,229
263,222,137
264,222,709
265,222,367
266,222,868
267,222,645
268,222,39
269,222,643
270,222,338
271,222,600
272,222,717
273,222,499
274,222,10
275,1,544
276,1,336
277,1,608
278,1,406
279,1,716
280,1,510
281,1,567
282,1,819
283,1,584
284,1,732
285,1,581
286,1,380
287,1,480
288,1,37
289,1,570
290,1,64
291,1,196
292,1,486
293,1,78
294,1,299
295,1,12
296,1,377
297,1,359
298,1,450
299,1,112
300,1,265
301,1,19
302,1,654
303,1,188
304,1,181
305,1,431
306,1,689
307,1,602
308,1,321
309,1,519
310,1,786
311,1,864
312,1,328
313,1,491
314,1,761
315,1,496
316,1,776
317,1,164
318,1,372
319,1,509
320,1,560
321,1,169
322,1,142
323,1,711
324,1,820
325,1,856
326,1,293
327,1,1
328,1,759
329,1,84
330,1,158
331,1,547
332,1,543
333,1,173
334,1,316
335,1,630
336,1,420
337,1,69
338,1,449
339,1,760
340,1,783
341,1,258
342,1,742
343,1,137
344,1,445
345,1,14
346,1,168
347,1,558
348,1,322
349,1,641
350,1,323
351,1,451
352,1,367
353,1,56
354,1,46
355,1,834
356,1,638
357,1,747
358,1,784
359,1,333
360,1,868
361,1,303
362,1,138
363,1,279
364,1,387
365,1,105
366,1,259
367,1,269
368,1,793
369,1,38
370,1,702
371,1,145
372,1,523
373,1,816
374,1,573
375,1,857
376,1,643
377,1,251
378,1,466
379,1,226
380,1,353
381,1,337
382,1,331
383,1,609
384,1,463
385,1,712
386,1,214
387,1,837
388,1,527
389,1,672
390,1,250
391,1,252
392,1,744
393,1,679
394,1,407
395,1,461
396,1,831
397,1,240
398,1,754
399,1,129
400,1,217
401,1,594
402,1,332
403,1,92
404,1,650
405,1,338
406,1,600
407,1,366
408,1,211
409,1,671
410,1,522
411,1,355
412,1,740
413,1,787
414,1,628
415,1,667
416,1,106
417,1,546
418,1,764
419,1,436
420,1,28
421,1,288
422,1,690
423,1,283
424,1,447
425,1,518
426,1,20
427,1,723
428,1,844
429,1,315
430,1,276
431,1,285
432,1,698
433,1,849
434,1,756
435,1,475
436,1,729
437,1,470
438,1,354
439,1,687
440,1,428
441,1,482
442,1,688
443,1,351
444,1,422
445,1,438
446,1,775
447,1,561
448,1,117
449,1,330
450,1,697
451,1,360
452,1,863
453,1,838
454,1,473
455,1,548
456,1,563
457,1,860
458,1,98
459,1,588
460,1,651
461,1,204
462,1,86
463,1,310
464,1,488
465,1,862
466,1,499
467,1,750
468,1,324
469,1,42
470,1,219
471,1,854
472,1,93
473,1,53
474,1,185
475,1,833
476,1,670
477,1,520
478,1,111
479,1,766
480,1,381
481,1,79
482,1,611
483,1,592
484,1,41
485,1,813
486,1,191
487,1,187
488,1,429
489,1,13
490,1,241
491,1,866
492,1,586
493,1,753
494,1,144
495,1,442
496,1,247
497,1,847
498,1,398
499,1,291
500,1,176
501,1,201
502,1,419
503,1,618
504,1,327
505,1,392
506,1,147
507,1,341
508,1,421
509,1,564
510,1,432
511,1,23
512,1,551
513,1,746
514,1,402
515,1,577
516,1,17
517,1,655
518,1,294
519,1,361
520,1,305
521,1,865
522,745,867
523,745,544
524,745,336
525,745,608
526,745,406
527,745,716
528,745,510
529,745,567
530,745,731
531,745,32
532,745,108
533,745,584
534,745,732
535,745,758
536,745,97
537,745,298
538,745,851
539,745,380
540,745,242
541,745,480
542,745,37
543,745,538
544,745,311
545,745,589
546,745,29
547,745,196
548,745,486
549,745,78
550,745,284
551,745,441
552,745,299
553,745,769
554,745,814
555,745,12
556,745,112
557,745,265
558,745,773
559,745,19
560,745,9
561,745,2
562,745,654
563,745,188
564,745,181
565,745,685
566,745,431
567,745,350
568,745,414
569,745,666
570,745,233
571,745,519
572,745,864
573,745,328
574,745,148
575,745,454
576,745,400
577,745,491
578,745,197
579,745,779
580,745,776
581,745,721
582,745,487
583,745,660
584,745,372
585,745,509
586,745,767
587,745,59
588,745,169
589,745,142
590,745,459
591,745,153
592,745,694
593,745,820
594,745,237
595,745,235
596,745,234
597,745,293
598,745,120
599,745,1
600,745,745
601,745,456
602,745,158
603,745,409
604,745,543
605,745,789
606,745,316
607,745,420
608,745,69
609,745,835
610,745,760
611,745,783
612,745,261
613,745,326
614,745,258
615,745,304
616,745,275
617,745,156
618,745,742
619,745,137
620,745,343
621,745,715
622,745,709
623,745,14
624,745,168
625,745,558
626,745,322
627,745,346
628,745,231
629,745,641
630,745,430
631,745,323
632,745,143
633,745,451
634,745,803
635,745,367
636,745,56
637,745,722
638,745,134
639,745,46
640,745,638
641,745,747
642,745,784
643,745,333
644,745,52
645,745,868
646,745,303
647,745,26
648,745,536
649,745,512
650,745,378
651,745,30
652,745,603
653,745,183
654,745,138
655,745,629
656,745,107
657,745,387
658,745,412
659,745,99
660,745,105
661,745,215
662,745,259
663,745,334
664,745,38
665,745,702
666,745,145
667,745,523
668,745,645
669,745,39
670,745,643
671,745,102
672,745,401
673,745,353
674,745,331
675,745,609
676,745,712
677,745,214
678,745,837
679,745,859
680,745,357
681,745,672
682,745,100
683,745,252
684,745,744
685,745,555
686,745,190
687,745,272
688,745,270
689,745,281
690,745,733
691,745,220
692,745,386
693,745,189
694,745,754
695,745,91
696,745,379
697,745,782
698,745,594
699,745,308
700,745,613
701,745,266
702,745,332
703,745,22
704,745,49
705,745,439
706,745,253
707,745,132
708,745,650
709,745,232
710,745,448
711,745,192
712,745,167
713,745,338
714,745,600
715,745,366
716,745,211
717,745,274
718,745,505
719,745,852
720,745,355
721,745,740
722,745,787
723,745,552
724,745,628
725,745,623
726,745,785
727,745,680
728,745,726
729,745,436
730,745,460
731,745,116
732,745,288
733,745,531
734,745,622
735,745,610
736,745,212
737,745,656
738,745,20
739,745,223
740,745,844
741,745,427
742,745,635
743,745,371
744,745,257
745,745,276
746,745,285
747,745,248
748,745,698
749,745,619
750,745,756
751,745,161
752,745,729
753,745,687
754,745,482
755,745,80
756,745,774
757,745,755
758,745,688
759,745,351
760,745,140
761,745,717
762,745,631
763,745,775
764,745,177
765,745,848
766,745,117
767,745,330
768,745,360
769,745,530
770,745,838
771,745,473
772,745,548
773,745,585
774,745,563
775,745,98
776,745,588
777,745,131
778,745,434
779,745,651
780,745,159
781,745,701
782,745,490
783,745,310
784,745,596
785,745,646
786,745,862
787,745,853
788,745,309
789,745,727
790,745,42
791,745,4
792,745,219
793,745,691
794,745,93
795,745,53
796,745,780
797,745,185
798,745,833
799,745,741
800,745,595
801,745,520
802,745,55
803,745,111
804,745,243
805,745,79
806,745,611
807,745,41
808,745,597
809,745,191
810,745,187
811,745,429
812,745,241
813,745,391
814,745,866
815,745,27
816,745,633
817,745,556
818,745,144
819,745,442
820,745,247
821,745,35
822,745,122
823,745,591
824,745,340
825,745,569
826,745,291
827,745,575
828,745,614
829,745,176
830,745,458
831,745,528
832,745,647
833,745,392
834,745,147
835,745,255
836,745,444
837,745,415
838,745,529
839,745,341
840,745,388
841,745,7
842,745,421
843,745,246
844,745,157
845,745,373
846,745,564
847,745,87
848,745,432
849,745,565
850,745,23
851,745,788
852,745,551
853,745,746
854,745,498
855,745,504
856,745,402
857,745,15
858,745,178
859,745,577
860,745,89
861,745,17
862,745,471
863,745,467
864,745,209
865,745,294
866,745,772
867,745,305
868,107,867
869,107,544
870,107,608
871,107,406
872,107,507
873,107,63
874,107,510
875,107,236
876,107,567
877,107,32
878,107,108
879,107,819
880,107,732
881,107,758
882,107,410
883,107,97
884,107,260
885,107,411
886,107,851
887,107,446
888,107,0
889,107,480
890,107,311
891,107,678
892,107,58
893,107,513
894,107,424
895,107,196
896,107,486
897,107,78
898,107,94
899,107,676
900,107,284
901,107,464
902,107,855
903,107,441
904,107,769
905,107,814
906,107,141
907,107,377
908,107,450
909,107,112
910,107,265
911,107,83
912,107,773
913,107,19
914,107,162
915,107,9
916,107,654
917,107,188
918,107,181
919,107,431
920,107,666
921,107,233
922,107,61
923,107,321
924,107,637
925,107,519
926,107,88
927,107,864
928,107,328
929,107,148
930,107,454
931,107,491
932,107,761
933,107,325
934,107,222
935,107,452
936,107,487
937,107,660
938,107,612
939,107,550
940,107,509
941,107,767
942,107,169
943,107,142
944,107,554
945,107,711
946,107,153
947,107,820
948,107,856
949,107,235
950,107,511
951,107,293
952,107,120
953,107,1
954,107,745
955,107,759
956,107,84
957,107,158
958,107,830
959,107,154
960,107,228
961,107,316
962,107,541
963,107,835
964,107,81
965,107,718
966,107,760
967,107,783
968,107,261
969,107,345
970,107,795
971,107,342
972,107,229
973,107,768
974,107,156
975,107,742
976,107,137
977,107,715
978,107,709
979,107,150
980,107,806
981,107,109
982,107,14
983,107,168
984,107,182
985,107,322
986,107,346
987,107,231
988,107,641
989,107,375
990,107,430
991,107,323
992,107,143
993,107,451
994,107,710
995,107,367
996,107,56
997,107,46
998,107,124
999,107,834
1000,107,638
1001,107,747
1002,107,333
1003,107,868
1004,107,303
1005,107,394
1006,107,130
1007,107,26
1008,107,512
1009,107,30
1010,107,138
1011,107,107
1012,107,387
1013,107,412
1014,107,99
1015,107,215
1016,107,632
1017,107,793
1018,107,38
1019,107,702
1020,107,145
1021,107,523
1022,107,816
1023,107,645
1024,107,749
1025,107,423
1026,107,39
1027,107,857
1028,107,198
1029,107,643
1030,107,506
1031,107,226
1032,107,401
1033,107,353
1034,107,297
1035,107,362
1036,107,837
1037,107,545
1038,107,527
1039,107,859
1040,107,357
1041,107,672
1042,107,100
1043,107,734
1044,107,744
1045,107,555
1046,107,190
1047,107,272
1048,107,808
1049,107,869
1050,107,281
1051,107,474
1052,107,386
1053,107,831
1054,107,240
1055,107,705
1056,107,754
1057,107,738
1058,107,218
1059,107,557
1060,107,379
1061,107,782
1062,107,613
1063,107,634
1064,107,492
1065,107,332
1066,107,125
1067,107,439
1068,107,253
1069,107,650
1070,107,802
1071,107,232
1072,107,448
1073,107,192
1074,107,338
1075,107,600
1076,107,366
1077,107,211
1078,107,274
1079,107,517
1080,107,505
1081,107,355
1082,107,740
1083,107,787
1084,107,825
1085,107,552
1086,107,628
1087,107,623
1088,107,667
1089,107,785
1090,107,680
1091,107,764
1092,107,726
1093,107,436
1094,107,405
1095,107,288
1096,107,212
1097,107,318
1098,107,821
1099,107,636
1100,107,68
1101,107,371
1102,107,257
1103,107,66
1104,107,276
1105,107,248
1106,107,698
1107,107,619
1108,107,826
1109,107,625
1110,107,756
1111,107,161
1112,107,96
1113,107,729
1114,107,470
1115,107,482
1116,107,774
1117,107,755
1118,107,688
1119,107,140
1120,107,717
1121,107,775
1122,107,177
1123,107,848
1124,107,330
1125,107,863
1126,107,838
1127,107,473
1128,107,585
1129,107,588
1130,107,131
1131,107,434
1132,107,651
1133,107,701
1134,107,490
1135,107,310
1136,107,858
1137,107,596
1138,107,254
1139,107,317
1140,107,853
1141,107,499
1142,107,714
1143,107,309
1144,107,727
1145,107,807
1146,107,42
1147,107,4
1148,107,219
1149,107,277
1150,107,501
1151,107,93
1152,107,53
1153,107,833
1154,107,384
1155,107,741
1156,107,595
1157,107,520
1158,107,243
1159,107,850
1160,107,368
1161,107,41
1162,107,339
1163,107,840
1164,107,10
1165,107,597
1166,107,187
1167,107,104
1168,107,13
1169,107,866
1170,107,472
1171,107,586
1172,107,633
1173,107,556
1174,107,144
1175,107,442
1176,107,60
1177,107,340
1178,107,569
1179,107,291
1180,107,90
1181,107,575
1182,107,319
1183,107,792
1184,107,618
1185,107,392
1186,107,147
1187,107,255
1188,107,444
1189,107,529
1190,107,724
1191,107,341
1192,107,604
1193,107,7
1194,107,45
1195,107,246
1196,107,824
1197,107,157
1198,107,373
1199,107,564
1200,107,432
1201,107,23
1202,107,817
1203,107,524
1204,107,746
1205,107,200
1206,107,498
1207,107,399
1208,107,402
1209,107,15
1210,107,178
1211,107,24
1212,107,577
1213,107,224
1214,107,89
1215,107,17
1216,107,471
1217,107,655
1218,107,348
1219,107,294
1220,107,133
1221,107,772
1222,107,305
1223,107,443
1224,107,865
1225,545,43
1226,545,172
1227,545,403
1228,545,836
1229,545,76
1230,386,685
1231,386,328
1232,386,199
1233,386,806
1234,386,693
1235,386,314
1236,386,194
1237,386,31
1238,386,477
1239,386,850
1240,386,763
1241,386,657
1242,386,498
1243,91,867
1244,91,544
1245,91,336
1246,91,608
1247,91,406
1248,91,716
1249,91,823
1250,91,63
1251,91,510
1252,91,50
1253,91,32
1254,91,108
1255,91,819
1256,91,74
1257,91,85
1258,91,732
1259,91,598
1260,91,380
1261,91,0
1262,91,480
1263,91,311
1264,91,678
1265,91,136
1266,91,818
1267,91,263
1268,91,513
1269,91,196
1270,91,174
1271,91,71
1272,91,284
1273,91,549
1274,91,335
1275,91,769
1276,91,814
1277,91,141
1278,91,12
1279,91,377
1280,91,450
1281,91,112
1282,91,83
1283,91,773
1284,91,9
1285,91,654
1286,91,181
1287,91,685
1288,91,431
1289,91,350
1290,91,414
1291,91,666
1292,91,61
1293,91,321
1294,91,519
1295,91,864
1296,91,328
1297,91,148
1298,91,454
1299,91,197
1300,91,325
1301,91,222
1302,91,268
1303,91,300
1304,91,452
1305,91,721
1306,91,612
1307,91,509
1308,91,767
1309,91,169
1310,91,142
1311,91,711
1312,91,459
1313,91,153
1314,91,694
1315,91,485
1316,91,363
1317,91,820
1318,91,856
1319,91,235
1320,91,511
1321,91,293
1322,91,120
1323,91,1
1324,91,804
1325,91,759
1326,91,809
1327,91,158
1328,91,358
1329,91,154
1330,91,409
1331,91,316
1332,91,420
1333,91,449
1334,91,835
1335,91,783
1336,91,326
1337,91,497
1338,91,304
1339,91,156
1340,91,742
1341,91,715
1342,91,709
1343,91,806
1344,91,14
1345,91,168
1346,91,322
1347,91,346
1348,91,231
1349,91,641
1350,91,375
1351,91,323
1352,91,451
1353,91,803
1354,91,710
1355,91,367
1356,91,56
1357,91,195
1358,91,722
1359,91,834
1360,91,638
1361,91,747
1362,91,868
1363,91,728
1364,91,303
1365,91,26
1366,91,536
1367,91,349
1368,91,378
1369,91,30
1370,91,180
1371,91,107
1372,91,412
1373,91,99
1374,91,259
1375,91,632
1376,91,145
1377,91,816
1378,91,645
1379,91,573
1380,91,423
1381,91,39
1382,91,643
1383,91,251
1384,91,506
1385,91,226
1386,91,353
1387,91,545
1388,91,527
1389,91,859
1390,91,357
1391,91,672
1392,91,100
1393,91,734
1394,91,252
1395,91,744
1396,91,555
1397,91,272
1398,91,808
1399,91,220
1400,91,386
1401,91,189
1402,91,240
1403,91,754
1404,91,91
1405,91,379
1406,91,782
1407,91,594
1408,91,658
1409,91,613
1410,91,492
1411,91,484
1412,91,332
1413,91,125
1414,91,439
1415,91,132
1416,91,650
1417,91,338
1418,91,600
1419,91,366
1420,91,505
1421,91,355
1422,91,740
1423,91,764
1424,91,726
1425,91,436
1426,91,28
1427,91,516
1428,91,288
1429,91,610
1430,91,163
1431,91,370
1432,91,223
1433,91,673
1434,91,635
1435,91,821
1436,91,57
1437,91,68
1438,91,371
1439,91,257
1440,91,66
1441,91,276
1442,91,179
1443,91,285
1444,91,248
1445,91,16
1446,91,625
1447,91,756
1448,91,96
1449,91,110
1450,91,482
1451,91,755
1452,91,688
1453,91,717
1454,91,165
1455,91,422
1456,91,848
1457,91,280
1458,91,697
1459,91,295
1460,91,863
1461,91,473
1462,91,585
1463,91,621
1464,91,588
1465,91,651
1466,91,159
1467,91,490
1468,91,862
1469,91,317
1470,91,535
1471,91,499
1472,91,18
1473,91,714
1474,91,309
1475,91,727
1476,91,566
1477,91,4
1478,91,93
1479,91,53
1480,91,833
1481,91,670
1482,91,743
1483,91,741
1484,91,595
1485,91,520
1486,91,243
1487,91,850
1488,91,368
1489,91,191
1490,91,187
1491,91,429
1492,91,104
1493,91,593
1494,91,13
1495,91,241
1496,91,866
1497,91,472
1498,91,633
1499,91,144
1500,91,425
1501,91,442
1502,91,340
1503,91,569
1504,91,291
1505,91,319
1506,91,792
1507,91,273
1508,91,618
1509,91,392
1510,91,341
1511,91,246
1512,91,824
1513,91,373
1514,91,564
1515,91,33
1516,91,699
1517,91,565
1518,91,23
1519,91,788
1520,91,524
1521,91,498
1522,91,504
1523,91,402
1524,91,15
1525,91,577
1526,91,224
1527,91,17
1528,91,471
1529,91,655
1530,91,467
1531,91,703
1532,91,294
1533,91,305
1534,91,443
1535,218,253
1536,613,567
1537,613,108
1538,613,37
1539,613,664
1540,613,70
1541,613,828
1542,613,478
1543,613,739
1544,613,800
1545,613,450
1546,613,810
1547,613,706
1548,613,9
1549,613,431
1550,613,350
1551,613,781
1552,613,414
1553,613,666
1554,613,233
1555,613,290
1556,613,245
1557,613,648
1558,613,11
1559,613,704
1560,613,172
1561,613,481
1562,613,155
1563,613,403
1564,613,500
1565,613,113
1566,613,249
1567,613,59
1568,613,459
1569,613,139
1570,613,344
1571,613,579
1572,613,286
1573,613,416
1574,613,553
1575,613,307
1576,613,293
1577,613,72
1578,613,777
1579,613,158
1580,613,547
1581,613,8
1582,613,316
1583,613,408
1584,613,571
1585,613,515
1586,613,151
1587,613,742
1588,613,715
1589,613,62
1590,613,757
1591,613,21
1592,613,418
1593,613,323
1594,613,693
1595,613,95
1596,613,790
1597,613,832
1598,613,722
1599,613,46
1600,613,578
1601,613,30
1602,613,385
1603,613,374
1604,613,639
1605,613,640
1606,613,3
1607,613,702
1608,613,145
1609,613,312
1610,613,202
1611,613,503
1612,613,468
1613,613,337
1614,613,463
1615,613,54
1616,613,696
1617,613,576
1618,613,34
1619,613,292
1620,613,404
1621,613,48
1622,613,455
1623,613,357
1624,613,672
1625,613,469
1626,613,615
1627,613,320
1628,613,601
1629,613,238
1630,613,461
1631,613,262
1632,613,677
1633,613,217
1634,613,738
1635,613,389
1636,613,682
1637,613,778
1638,613,634
1639,613,839
1640,613,708
1641,613,397
1642,613,590
1643,613,522
1644,613,355
1645,613,559
1646,613,623
1647,613,811
1648,613,669
1649,613,495
1650,613,764
1651,613,417
1652,613,659
1653,613,127
1654,613,580
1655,613,152
1656,613,815
1657,613,610
1658,613,223
1659,613,40
1660,613,844
1661,613,635
1662,613,25
1663,613,135
1664,613,437
1665,613,661
1666,613,752
1667,613,16
1668,613,475
1669,613,390
1670,613,568
1671,613,282
1672,613,140
1673,613,631
1674,613,775
1675,613,47
1676,613,206
1677,613,280
1678,613,841
1679,613,289
1680,613,382
1681,613,360
1682,613,493
1683,613,684
1684,613,801
1685,613,585
1686,613,306
1687,613,51
1688,613,797
1689,613,533
1690,613,302
1691,613,846
1692,613,287
1693,613,853
1694,613,356
1695,613,329
1696,613,126
1697,613,791
1698,613,219
1699,613,854
1700,613,93
1701,613,264
1702,613,737
1703,613,44
1704,613,720
1705,613,160
1706,613,433
1707,613,479
1708,613,76
1709,613,79
1710,613,525
1711,613,683
1712,613,813
1713,613,692
1714,613,171
1715,613,13
1716,613,144
1717,613,442
1718,613,599
1719,613,674
1720,613,569
1721,613,649
1722,613,369
1723,613,751
1724,613,5
1725,613,246
1726,613,33
1727,613,402
1728,613,209
1729,540,63
1730,540,709
1731,540,643
1732,540,439
1733,540,355
1734,540,131
1735,700,365
1736,355,867
1737,355,544
1738,355,336
1739,355,608
1740,355,406
1741,355,716
1742,355,63
1743,355,798
1744,355,567
1745,355,32
1746,355,108
1747,355,584
1748,355,75
1749,355,74
1750,355,732
1751,355,598
1752,355,97
1753,355,260
1754,355,411
1755,355,851
1756,355,446
1757,355,0
1758,355,538
1759,355,311
1760,355,678
1761,355,136
1762,355,607
1763,355,818
1764,355,196
1765,355,174
1766,355,486
1767,355,828
1768,355,94
1769,355,676
1770,355,284
1771,355,464
1772,355,855
1773,355,441
1774,355,695
1775,355,769
1776,355,814
1777,355,377
1778,355,6
1779,355,450
1780,355,128
1781,355,265
1782,355,83
1783,355,9
1784,355,2
1785,355,188
1786,355,181
1787,355,685
1788,355,431
1789,355,350
1790,355,666
1791,355,233
1792,355,61
1793,355,637
1794,355,519
1795,355,88
1796,355,864
1797,355,328
1798,355,148
1799,355,454
1800,355,491
1801,355,197
1802,355,779
1803,355,761
1804,355,325
1805,355,222
1806,355,268
1807,355,300
1808,355,487
1809,355,660
1810,355,550
1811,355,509
1812,355,767
1813,355,59
1814,355,169
1815,355,142
1816,355,665
1817,355,153
1818,355,694
1819,355,485
1820,355,843
1821,355,363
1822,355,820
1823,355,435
1824,355,199
1825,355,235
1826,355,511
1827,355,293
1828,355,120
1829,355,1
1830,355,230
1831,355,759
1832,355,186
1833,355,84
1834,355,809
1835,355,456
1836,355,158
1837,355,830
1838,355,358
1839,355,409
1840,355,228
1841,355,543
1842,355,789
1843,355,316
1844,355,541
1845,355,420
1846,355,449
1847,355,835
1848,355,81
1849,355,205
1850,355,718
1851,355,783
1852,355,261
1853,355,345
1854,355,326
1855,355,795
1856,355,258
1857,355,497
1858,355,271
1859,355,304
1860,355,768
1861,355,742
1862,355,426
1863,355,137
1864,355,343
1865,355,715
1866,355,709
1867,355,150
1868,355,562
1869,355,109
1870,355,14
1871,355,168
1872,355,182
1873,355,662
1874,355,67
1875,355,322
1876,355,346
1877,355,641
1878,355,375
1879,355,323
1880,355,143
1881,355,451
1882,355,803
1883,355,367
1884,355,748
1885,355,736
1886,355,124
1887,355,834
1888,355,747
1889,355,784
1890,355,52
1891,355,707
1892,355,394
1893,355,130
1894,355,536
1895,355,349
1896,355,512
1897,355,30
1898,355,603
1899,355,387
1900,355,412
1901,355,99
1902,355,105
1903,355,259
1904,355,632
1905,355,793
1906,355,38
1907,355,702
1908,355,145
1909,355,523
1910,355,816
1911,355,645
1912,355,749
1913,355,423
1914,355,39
1915,355,857
1916,355,643
1917,355,314
1918,355,506
1919,355,226
1920,355,401
1921,355,353
1922,355,609
1923,355,794
1924,355,712
1925,355,362
1926,355,194
1927,355,837
1928,355,527
1929,355,121
1930,355,859
1931,355,357
1932,355,100
1933,355,252
1934,355,744
1935,355,555
1936,355,190
1937,355,272
1938,355,270
1939,355,808
1940,355,869
1941,355,281
1942,355,733
1943,355,474
1944,355,220
1945,355,115
1946,355,386
1947,355,240
1948,355,705
1949,355,91
1950,355,218
1951,355,379
1952,355,594
1953,355,308
1954,355,613
1955,355,634
1956,355,92
1957,355,125
1958,355,132
1959,355,650
1960,355,624
1961,355,232
1962,355,167
1963,355,338
1964,355,600
1965,355,366
1966,355,274
1967,355,517
1968,355,765
1969,355,852
1970,355,355
1971,355,740
1972,355,825
1973,355,628
1974,355,623
1975,355,667
1976,355,546
1977,355,785
1978,355,680
1979,355,764
1980,355,726
1981,355,436
1982,355,28
1983,355,116
1984,355,405
1985,355,288
1986,355,531
1987,355,622
1988,355,610
1989,355,318
1990,355,673
1991,355,539
1992,355,427
1993,355,383
1994,355,635
1995,355,821
1996,355,822
1997,355,68
1998,355,66
1999,355,276
2000,355,285
2001,355,619
2002,355,826
2003,355,625
2004,355,756
2005,355,713
2006,355,161
2007,355,729
2008,355,470
2009,355,110
2010,355,482
2011,355,80
2012,355,351
2013,355,140
2014,355,717
2015,355,165
2016,355,438
2017,355,775
2018,355,561
2019,355,848
2020,355,206
2021,355,280
2022,355,114
2023,355,117
2024,355,330
2025,355,697
2026,355,295
2027,355,863
2028,355,473
2029,355,548
2030,355,621
2031,355,588
2032,355,131
2033,355,651
2034,355,701
2035,355,86
2036,355,396
2037,355,675
2038,355,490
2039,355,596
2040,355,376
2041,355,646
2042,355,254
2043,355,278
2044,355,642
2045,355,317
2046,355,535
2047,355,827
2048,355,499
2049,355,18
2050,355,714
2051,355,309
2052,355,727
2053,355,42
2054,355,4
2055,355,219
2056,355,514
2057,355,691
2058,355,501
2059,355,53
2060,355,185
2061,355,805
2062,355,719
2063,355,227
2064,355,686
2065,355,770
2066,355,384
2067,355,364
2068,355,741
2069,355,595
2070,355,520
2071,355,111
2072,355,766
2073,355,611
2074,355,368
2075,355,41
2076,355,339
2077,355,597
2078,355,191
2079,355,429
2080,355,104
2081,355,763
2082,355,241
2083,355,866
2084,355,586
2085,355,27
2086,355,556
2087,355,144
2088,355,60
2089,355,35
2090,355,605
2091,355,122
2092,355,119
2093,355,591
2094,355,730
2095,355,569
2096,355,575
2097,355,175
2098,355,792
2099,355,458
2100,355,627
2101,355,618
2102,355,647
2103,355,392
2104,355,255
2105,355,444
2106,355,529
2107,355,604
2108,355,7
2109,355,45
2110,355,824
2111,355,373
2112,355,457
2113,355,33
2114,355,699
2115,355,565
2116,355,23
2117,355,817
2118,355,788
2119,355,551
2120,355,524
2121,355,746
2122,355,799
2123,355,504
2124,355,402
2125,355,15
2126,355,178
2127,355,24
2128,355,577
2129,355,89
2130,355,17
2131,355,471
2132,355,655
2133,355,467
2134,355,348
2135,355,294
2136,355,133
2137,355,361
2138,355,443
2139,355,644
2140,355,865
2141,371,867
2142,371,544
2143,371,336
2144,371,716
2145,371,823
2146,371,510
2147,371,236
2148,371,567
2149,371,32
2150,371,108
2151,371,819
2152,371,75
2153,371,732
2154,371,598
2155,371,298
2156,371,0
2157,371,311
2158,371,58
2159,371,464
2160,371,441
2161,371,335
2162,371,814
2163,371,12
2164,371,377
2165,371,450
2166,371,112
2167,371,265
2168,371,83
2169,371,773
2170,371,9
2171,371,2
2172,371,654
2173,371,350
2174,371,414
2175,371,233
2176,371,321
2177,371,637
2178,371,519
2179,371,864
2180,371,328
2181,371,148
2182,371,454
2183,371,197
2184,371,761
2185,371,325
2186,371,222
2187,371,300
2188,371,452
2189,371,612
2190,371,550
2191,371,767
2192,371,169
2193,371,142
2194,371,554
2195,371,711
2196,371,153
2197,371,237
2198,371,856
2199,371,235
2200,371,511
2201,371,293
2202,371,759
2203,371,84
2204,371,158
2205,371,830
2206,371,154
2207,371,543
2208,371,420
2209,371,449
2210,371,835
2211,371,718
2212,371,760
2213,371,783
2214,371,261
2215,371,326
2216,371,258
2217,371,497
2218,371,229
2219,371,768
2220,371,156
2221,371,742
2222,371,137
2223,371,715
2224,371,709
2225,371,14
2226,371,662
2227,371,322
2228,371,323
2229,371,451
2230,371,710
2231,371,367
2232,371,748
2233,371,834
2234,371,747
2235,371,333
2236,371,26
2237,371,512
2238,371,30
2239,371,387
2240,371,215
2241,371,702
2242,371,145
2243,371,523
2244,371,749
2245,371,39
2246,371,857
2247,371,643
2248,371,606
2249,371,506
2250,371,353
2251,371,794
2252,371,527
2253,371,859
2254,371,252
2255,371,744
2256,371,555
2257,371,190
2258,371,869
2259,371,281
2260,371,474
2261,371,220
2262,371,738
2263,371,91
2264,371,218
2265,371,379
2266,371,782
2267,371,594
2268,371,266
2269,371,492
2270,371,332
2271,371,92
2272,371,125
2273,371,439
2274,371,132
2275,371,650
2276,371,652
2277,371,232
2278,371,448
2279,371,192
2280,371,338
2281,371,600
2282,371,366
2283,371,517
2284,371,355
2285,371,787
2286,371,825
2287,371,623
2288,371,546
2289,371,785
2290,371,764
2291,371,726
2292,371,116
2293,371,405
2294,371,622
2295,371,610
2296,371,427
2297,371,635
2298,371,371
2299,371,66
2300,371,276
2301,371,285
2302,371,698
2303,371,625
2304,371,756
2305,371,161
2306,371,96
2307,371,729
2308,371,470
2309,371,110
2310,371,774
2311,371,688
2312,371,140
2313,371,717
2314,371,438
2315,371,177
2316,371,848
2317,371,280
2318,371,295
2319,371,863
2320,371,473
2321,371,585
2322,371,588
2323,371,131
2324,371,434
2325,371,651
2326,371,490
2327,371,254
2328,371,317
2329,371,18
2330,371,714
2331,371,309
2332,371,42
2333,371,4
2334,371,514
2335,371,501
2336,371,93
2337,371,53
2338,371,227
2339,371,686
2340,371,833
2341,371,384
2342,371,595
2343,371,55
2344,371,243
2345,371,850
2346,371,368
2347,371,41
2348,371,339
2349,371,10
2350,371,597
2351,371,187
2352,371,429
2353,371,104
2354,371,241
2355,371,866
2356,371,586
2357,371,27
2358,371,556
2359,371,144
2360,371,442
2361,371,35
2362,371,122
2363,371,730
2364,371,569
2365,371,575
2366,371,614
2367,371,319
2368,371,458
2369,371,392
2370,371,255
2371,371,724
2372,371,534
2373,371,341
2374,371,7
2375,371,157
2376,371,373
2377,371,432
2378,371,699
2379,371,565
2380,371,23
2381,371,817
2382,371,551
2383,371,524
2384,371,842
2385,371,15
2386,371,577
2387,371,224
2388,371,89
2389,371,17
2390,371,467
2391,371,294
2392,371,133
2393,371,772
2394,371,443
2395,371,644
2396,863,584
2397,863,450
2398,863,300
2399,863,554
2400,863,316
2401,863,527
2402,863,338
2403,863,717
2404,863,422
2405,863,473
2406,863,185
2407,863,730
2408,714,544
2409,714,823
2410,714,108
2411,714,411
2412,714,166
2413,714,446
2414,714,0
2415,714,538
2416,714,311
2417,714,678
2418,714,855
2419,714,814
2420,714,265
2421,714,188
2422,714,685
2423,714,666
2424,714,233
2425,714,61
2426,714,148
2427,714,454
2428,714,761
2429,714,325
2430,714,222
2431,714,452
2432,714,660
2433,714,169
2434,714,554
2435,714,711
2436,714,856
2437,714,293
2438,714,120
2439,714,186
2440,714,158
2441,714,830
2442,714,154
2443,714,316
2444,714,541
2445,714,742
2446,714,137
2447,714,709
2448,714,662
2449,714,67
2450,714,323
2451,714,143
2452,714,748
2453,714,834
2454,714,333
2455,714,30
2456,714,259
2457,714,632
2458,714,793
2459,714,523
2460,714,645
2461,714,423
2462,714,643
2463,714,606
2464,714,506
2465,714,527
2466,714,100
2467,714,272
2468,714,461
2469,714,386
2470,714,754
2471,714,738
2472,714,379
2473,714,782
2474,714,594
2475,714,92
2476,714,253
2477,714,462
2478,714,650
2479,714,624
2480,714,617
2481,714,448
2482,714,192
2483,714,366
2484,714,517
2485,714,825
2486,714,726
2487,714,610
2488,714,212
2489,714,318
2490,714,756
2491,714,110
2492,714,482
2493,714,774
2494,714,688
2495,714,140
2496,714,177
2497,714,697
2498,714,701
2499,714,490
2500,714,254
2501,714,309
2502,714,42
2503,714,4
2504,714,514
2505,714,501
2506,714,53
2507,714,796
2508,714,833
2509,714,741
2510,714,595
2511,714,243
2512,714,368
2513,714,10
2514,714,187
2515,714,104
2516,714,866
2517,714,472
2518,714,27
2519,714,633
2520,714,60
2521,714,340
2522,714,569
2523,714,627
2524,714,392
2525,714,157
2526,714,33
2527,714,524
2528,714,15
2529,714,89
2530,714,294
2531,714,443
2532,686,867
2533,686,544
2534,686,336
2535,686,608
2536,686,406
2537,686,716
2538,686,507
2539,686,63
2540,686,510
2541,686,236
2542,686,663
2543,686,32
2544,686,108
2545,686,584
2546,686,75
2547,686,74
2548,686,85
2549,686,732
2550,686,410
2551,686,598
2552,686,581
2553,686,851
2554,686,380
2555,686,242
2556,686,0
2557,686,480
2558,686,311
2559,686,678
2560,686,136
2561,686,365
2562,686,70
2563,686,607
2564,686,58
2565,686,29
2566,686,513
2567,686,424
2568,686,521
2569,686,208
2570,686,486
2571,686,94
2572,686,676
2573,686,582
2574,686,855
2575,686,549
2576,686,335
2577,686,769
2578,686,213
2579,686,739
2580,686,814
2581,686,141
2582,686,377
2583,686,450
2584,686,112
2585,686,19
2586,686,9
2587,686,2
2588,686,654
2589,686,188
2590,686,181
2591,686,685
2592,686,431
2593,686,256
2594,686,233
2595,686,602
2596,686,519
2597,686,88
2598,686,225
2599,686,786
2600,686,864
2601,686,328
2602,686,148
2603,686,454
2604,686,491
2605,686,197
2606,686,101
2607,686,761
2608,686,325
2609,686,268
2610,686,300
2611,686,776
2612,686,721
2613,686,487
2614,686,550
2615,686,509
2616,686,767
2617,686,560
2618,686,169
2619,686,142
2620,686,554
2621,686,711
2622,686,459
2623,686,153
2624,686,694
2625,686,485
2626,686,537
2627,686,856
2628,686,511
2629,686,293
2630,686,120
2631,686,1
2632,686,84
2633,686,809
2634,686,456
2635,686,158
2636,686,547
2637,686,154
2638,686,409
2639,686,173
2640,686,316
2641,686,541
2642,686,420
2643,686,835
2644,686,718
2645,686,760
2646,686,783
2647,686,261
2648,686,345
2649,686,326
2650,686,258
2651,686,342
2652,686,668
2653,686,304
2654,686,156
2655,686,426
2656,686,137
2657,686,343
2658,686,715
2659,686,806
2660,686,221
2661,686,322
2662,686,542
2663,686,641
2664,686,430
2665,686,722
2666,686,46
2667,686,124
2668,686,587
2669,686,834
2670,686,638
2671,686,747
2672,686,784
2673,686,333
2674,686,52
2675,686,313
2676,686,868
2677,686,303
2678,686,130
2679,686,536
2680,686,349
2681,686,771
2682,686,512
2683,686,30
2684,686,603
2685,686,279
2686,686,412
2687,686,812
2688,686,105
2689,686,259
2690,686,793
2691,686,38
2692,686,702
2693,686,523
2694,686,816
2695,686,645
2696,686,573
2697,686,39
2698,686,643
2699,686,102
2700,686,466
2701,686,506
2702,686,226
2703,686,401
2704,686,353
2705,686,331
2706,686,463
2707,686,214
2708,686,837
2709,686,100
2710,686,250
2711,686,393
2712,686,252
2713,686,744
2714,686,555
2715,686,270
2716,686,808
2717,686,869
2718,686,184
2719,686,733
2720,686,474
2721,686,220
2722,686,386
2723,686,831
2724,686,705
2725,686,738
2726,686,218
2727,686,782
2728,686,594
2729,686,658
2730,686,613
2731,686,266
2732,686,492
2733,686,332
2734,686,49
2735,686,92
2736,686,132
2737,686,650
2738,686,802
2739,686,617
2740,686,448
2741,686,192
2742,686,338
2743,686,366
2744,686,211
2745,686,671
2746,686,274
2747,686,852
2748,686,355
2749,686,267
2750,686,787
2751,686,626
2752,686,825
2753,686,552
2754,686,628
2755,686,489
2756,686,667
2757,686,146
2758,686,726
2759,686,436
2760,686,28
2761,686,460
2762,686,580
2763,686,116
2764,686,531
2765,686,622
2766,686,610
2767,686,212
2768,686,283
2769,686,447
2770,686,518
2771,686,20
2772,686,170
2773,686,318
2774,686,844
2775,686,673
2776,686,383
2777,686,821
2778,686,68
2779,686,315
2780,686,371
2781,686,66
2782,686,276
2783,686,285
2784,686,698
2785,686,756
2786,686,161
2787,686,96
2788,686,729
2789,686,470
2790,686,687
2791,686,482
2792,686,80
2793,686,755
2794,686,688
2795,686,351
2796,686,140
2797,686,165
2798,686,422
2799,686,438
2800,686,775
2801,686,177
2802,686,561
2803,686,848
2804,686,206
2805,686,114
2806,686,117
2807,686,330
2808,686,697
2809,686,360
2810,686,530
2811,686,863
2812,686,548
2813,686,585
2814,686,563
2815,686,98
2816,686,588
2817,686,131
2818,686,651
2819,686,204
2820,686,86
2821,686,310
2822,686,858
2823,686,440
2824,686,596
2825,686,488
2826,686,254
2827,686,642
2828,686,317
2829,686,535
2830,686,714
2831,686,309
2832,686,42
2833,686,4
2834,686,514
2835,686,501
2836,686,93
2837,686,53
2838,686,185
2839,686,719
2840,686,264
2841,686,833
2842,686,670
2843,686,384
2844,686,743
2845,686,595
2846,686,520
2847,686,55
2848,686,111
2849,686,243
2850,686,381
2851,686,850
2852,686,611
2853,686,41
2854,686,10
2855,686,597
2856,686,149
2857,686,191
2858,686,187
2859,686,429
2860,686,104
2861,686,763
2862,686,13
2863,686,241
2864,686,391
2865,686,866
2866,686,572
2867,686,586
2868,686,27
2869,686,633
2870,686,556
2871,686,144
2872,686,425
2873,686,442
2874,686,616
2875,686,60
2876,686,247
2877,686,35
2878,686,526
2879,686,119
2880,686,569
2881,686,575
2882,686,508
2883,686,319
2884,686,176
2885,686,458
2886,686,528
2887,686,273
2888,686,627
2889,686,392
2890,686,147
2891,686,444
2892,686,529
2893,686,724
2894,686,657
2895,686,341
2896,686,604
2897,686,388
2898,686,421
2899,686,457
2900,686,564
2901,686,33
2902,686,23
2903,686,817
2904,686,788
2905,686,551
2906,686,524
2907,686,746
2908,686,200
2909,686,504
2910,686,399
2911,686,402
2912,686,24
2913,686,577
2914,686,224
2915,686,89
2916,686,17
2917,686,467
2918,686,209
2919,686,348
2920,686,772
2921,686,361
2922,686,305
2923,686,865
2924,520,365
2925,520,229
2926,520,304
2927,520,207
2928,520,520
2929,520,327
2930,10,867
2931,10,544
2932,10,336
2933,10,608
2934,10,406
2935,10,716
2936,10,823
2937,10,63
2938,10,510
2939,10,798
2940,10,236
2941,10,50
2942,10,567
2943,10,32
2944,10,108
2945,10,584
2946,10,75
2947,10,74
2948,10,732
2949,10,410
2950,10,598
2951,10,97
2952,10,260
2953,10,411
2954,10,298
2955,10,851
2956,10,166
2957,10,446
2958,10,0
2959,10,480
2960,10,37
2961,10,538
2962,10,311
2963,10,678
2964,10,136
2965,10,365
2966,10,607
2967,10,589
2968,10,818
2969,10,58
2970,10,239
2971,10,513
2972,10,424
2973,10,196
2974,10,174
2975,10,123
2976,10,486
2977,10,71
2978,10,78
2979,10,828
2980,10,94
2981,10,676
2982,10,284
2983,10,464
2984,10,855
2985,10,441
2986,10,549
2987,10,695
2988,10,335
2989,10,769
2990,10,814
2991,10,141
2992,10,12
2993,10,377
2994,10,6
2995,10,450
2996,10,128
2997,10,112
2998,10,265
2999,10,83
3000,10,773
3001,10,193
3002,10,162
3003,10,9
3004,10,2
3005,10,654
3006,10,188
3007,10,181
3008,10,685
3009,10,431
3010,10,350
3011,10,465
3012,10,414
3013,10,666
3014,10,233
3015,10,61
3016,10,602
3017,10,321
3018,10,519
3019,10,88
3020,10,225
3021,10,864
3022,10,328
3023,10,148
3024,10,454
3025,10,491
3026,10,197
3027,10,779
3028,10,761
3029,10,325
3030,10,222
3031,10,268
3032,10,496
3033,10,300
3034,10,452
3035,10,776
3036,10,721
3037,10,487
3038,10,660
3039,10,612
3040,10,550
3041,10,509
3042,10,767
3043,10,169
3044,10,142
3045,10,554
3046,10,711
3047,10,459
3048,10,153
3049,10,694
3050,10,485
3051,10,843
3052,10,363
3053,10,820
3054,10,199
3055,10,237
3056,10,856
3057,10,235
3058,10,234
3059,10,511
3060,10,293
3061,10,120
3062,10,1
3063,10,759
3064,10,186
3065,10,84
3066,10,809
3067,10,456
3068,10,158
3069,10,830
3070,10,154
3071,10,409
3072,10,228
3073,10,543
3074,10,352
3075,10,789
3076,10,316
3077,10,630
3078,10,420
3079,10,449
3080,10,835
3081,10,81
3082,10,205
3083,10,718
3084,10,760
3085,10,783
3086,10,261
3087,10,345
3088,10,326
3089,10,36
3090,10,795
3091,10,258
3092,10,497
3093,10,342
3094,10,229
3095,10,304
3096,10,768
3097,10,156
3098,10,742
3099,10,426
3100,10,137
3101,10,343
3102,10,715
3103,10,709
3104,10,150
3105,10,806
3106,10,562
3107,10,109
3108,10,14
3109,10,168
3110,10,182
3111,10,662
3112,10,67
3113,10,322
3114,10,346
3115,10,231
3116,10,641
3117,10,375
3118,10,430
3119,10,323
3120,10,143
3121,10,693
3122,10,451
3123,10,803
3124,10,710
3125,10,367
3126,10,56
3127,10,748
3128,10,722
3129,10,46
3130,10,124
3131,10,587
3132,10,834
3133,10,638
3134,10,747
3135,10,333
3136,10,52
3137,10,82
3138,10,868
3139,10,728
3140,10,303
3141,10,394
3142,10,130
3143,10,26
3144,10,536
3145,10,532
3146,10,349
3147,10,771
3148,10,512
3149,10,30
3150,10,603
3151,10,107
3152,10,387
3153,10,412
3154,10,99
3155,10,105
3156,10,215
3157,10,259
3158,10,269
3159,10,632
3160,10,793
3161,10,38
3162,10,702
3163,10,145
3164,10,523
3165,10,816
3166,10,735
3167,10,645
3168,10,573
3169,10,749
3170,10,423
3171,10,39
3172,10,857
3173,10,198
3174,10,643
3175,10,251
3176,10,606
3177,10,314
3178,10,506
3179,10,226
3180,10,401
3181,10,353
3182,10,583
3183,10,331
3184,10,609
3185,10,794
3186,10,712
3187,10,297
3188,10,362
3189,10,194
3190,10,73
3191,10,214
3192,10,837
3193,10,545
3194,10,527
3195,10,121
3196,10,65
3197,10,859
3198,10,357
3199,10,100
3200,10,734
3201,10,393
3202,10,252
3203,10,744
3204,10,555
3205,10,190
3206,10,272
3207,10,270
3208,10,808
3209,10,869
3210,10,281
3211,10,733
3212,10,220
3213,10,461
3214,10,386
3215,10,831
3216,10,189
3217,10,240
3218,10,262
3219,10,705
3220,10,754
3221,10,738
3222,10,91
3223,10,218
3224,10,557
3225,10,379
3226,10,782
3227,10,594
3228,10,681
3229,10,658
3230,10,308
3231,10,613
3232,10,634
3233,10,266
3234,10,492
3235,10,620
3236,10,484
3237,10,332
3238,10,92
3239,10,125
3240,10,439
3241,10,253
3242,10,132
3243,10,650
3244,10,624
3245,10,802
3246,10,652
3247,10,617
3248,10,232
3249,10,448
3250,10,192
3251,10,167
3252,10,338
3253,10,574
3254,10,600
3255,10,366
3256,10,211
3257,10,274
3258,10,517
3259,10,505
3260,10,852
3261,10,355
3262,10,267
3263,10,740
3264,10,787
3265,10,825
3266,10,552
3267,10,628
3268,10,623
3269,10,667
3270,10,546
3271,10,785
3272,10,680
3273,10,764
3274,10,726
3275,10,436
3276,10,28
3277,10,516
3278,10,460
3279,10,453
3280,10,580
3281,10,116
3282,10,405
3283,10,288
3284,10,531
3285,10,622
3286,10,610
3287,10,212
3288,10,163
3289,10,395
3290,10,370
3291,10,656
3292,10,494
3293,10,318
3294,10,223
3295,10,539
3296,10,427
3297,10,383
3298,10,635
3299,10,821
3300,10,57
3301,10,68
3302,10,371
3303,10,257
3304,10,66
3305,10,276
3306,10,661
3307,10,285
3308,10,248
3309,10,16
3310,10,619
3311,10,826
3312,10,625
3313,10,756
3314,10,713
3315,10,161
3316,10,96
3317,10,470
3318,10,110
3319,10,482
3320,10,774
3321,10,755
3322,10,688
3323,10,762
3324,10,351
3325,10,140
3326,10,717
3327,10,422
3328,10,438
3329,10,775
3330,10,177
3331,10,561
3332,10,848
3333,10,280
3334,10,114
3335,10,117
3336,10,697
3337,10,360
3338,10,295
3339,10,530
3340,10,863
3341,10,838
3342,10,473
3343,10,483
3344,10,585
3345,10,588
3346,10,131
3347,10,434
3348,10,31
3349,10,651
3350,10,701
3351,10,86
3352,10,396
3353,10,675
3354,10,490
3355,10,310
3356,10,858
3357,10,440
3358,10,596
3359,10,254
3360,10,278
3361,10,642
3362,10,862
3363,10,317
3364,10,535
3365,10,827
3366,10,853
3367,10,499
3368,10,18
3369,10,714
3370,10,309
3371,10,727
3372,10,210
3373,10,861
3374,10,42
3375,10,4
3376,10,219
3377,10,514
3378,10,691
3379,10,277
3380,10,501
3381,10,93
3382,10,53
3383,10,216
3384,10,185
3385,10,805
3386,10,719
3387,10,244
3388,10,227
3389,10,686
3390,10,833
3391,10,670
3392,10,296
3393,10,384
3394,10,477
3395,10,743
3396,10,364
3397,10,502
3398,10,741
3399,10,77
3400,10,301
3401,10,595
3402,10,520
3403,10,55
3404,10,111
3405,10,243
3406,10,850
3407,10,611
3408,10,368
3409,10,41
3410,10,339
3411,10,10
3412,10,597
3413,10,476
3414,10,191
3415,10,187
3416,10,429
3417,10,104
3418,10,593
3419,10,763
3420,10,13
3421,10,241
3422,10,391
3423,10,866
3424,10,572
3425,10,472
3426,10,586
3427,10,27
3428,10,633
3429,10,556
3430,10,144
3431,10,425
3432,10,442
3433,10,35
3434,10,605
3435,10,122
3436,10,103
3437,10,119
3438,10,591
3439,10,340
3440,10,730
3441,10,569
3442,10,291
3443,10,90
3444,10,575
3445,10,508
3446,10,614
3447,10,175
3448,10,319
3449,10,792
3450,10,458
3451,10,528
3452,10,273
3453,10,419
3454,10,627
3455,10,618
3456,10,647
3457,10,327
3458,10,392
3459,10,147
3460,10,255
3461,10,444
3462,10,415
3463,10,529
3464,10,724
3465,10,534
3466,10,657
3467,10,341
3468,10,604
3469,10,388
3470,10,7
3471,10,45
3472,10,824
3473,10,157
3474,10,373
3475,10,457
3476,10,564
3477,10,432
3478,10,33
3479,10,699
3480,10,565
3481,10,23
3482,10,817
3483,10,788
3484,10,551
3485,10,524
3486,10,746
3487,10,200
3488,10,498
3489,10,799
3490,10,504
3491,10,399
3492,10,402
3493,10,15
3494,10,347
3495,10,178
3496,10,24
3497,10,577
3498,10,224
3499,10,89
3500,10,17
3501,10,471
3502,10,467
3503,10,703
3504,10,209
3505,10,348
3506,10,294
3507,10,133
3508,10,772
3509,10,361
3510,10,305
3511,10,443
3512,10,644
3513,10,865
3514,683,867
3515,683,544
3516,683,608
3517,683,236
3518,683,567
3519,683,32
3520,683,108
3521,683,584
3522,683,410
3523,683,0
3524,683,58
3525,683,263
3526,683,769
3527,683,225
3528,683,487
3529,683,660
3530,683,509
3531,683,767
3532,683,169
3533,683,153
3534,683,694
3535,683,843
3536,683,820
3537,683,511
3538,683,120
3539,683,759
3540,683,830
3541,683,409
3542,683,326
3543,683,497
3544,683,229
3545,683,742
3546,683,137
3547,683,343
3548,683,715
3549,683,709
3550,683,221
3551,683,168
3552,683,641
3553,683,195
3554,683,747
3555,683,82
3556,683,207
3557,683,868
3558,683,303
3559,683,349
3560,683,793
3561,683,645
3562,683,198
3563,683,643
3564,683,353
3565,683,118
3566,683,297
3567,683,194
3568,683,545
3569,683,527
3570,683,555
3571,683,190
3572,683,270
3573,683,808
3574,683,869
3575,683,413
3576,683,831
3577,683,725
3578,683,613
3579,683,620
3580,683,49
3581,683,439
3582,683,253
3583,683,650
3584,683,448
3585,683,338
3586,683,852
3587,683,489
3588,683,667
3589,683,726
3590,683,821
3591,683,822
3592,683,257
3593,683,276
3594,683,619
3595,683,161
3596,683,351
3597,683,717
3598,683,295
3599,683,863
3600,683,621
3601,683,588
3602,683,829
3603,683,642
3604,683,53
3605,683,719
3606,683,243
3607,683,850
3608,683,476
3609,683,187
3610,683,104
3611,683,203
3612,683,27
3613,683,616
3614,683,60
3615,683,35
3616,683,591
3617,683,730
3618,683,575
3619,683,508
3620,683,392
3621,683,604
3622,683,7
3623,683,824
3624,683,373
3625,683,23
3626,683,551
3627,683,498
3628,683,399
3629,683,577
3630,683,89
3631,683,471
3632,683,467
3633,683,703
3634,683,294
3635,683,865
3636,498,867
3637,498,851
3638,498,486
3639,498,721
3640,498,783
3641,498,806
3642,498,558
3643,498,641
3644,498,638
3645,498,645
3646,498,643
3647,498,297
3648,498,527
3649,498,379
3650,498,613
3651,498,253
3652,498,517
3653,498,505
3654,498,355
3655,498,726
3656,498,756
3657,498,490
3658,498,686
3659,498,597
3660,498,203
3661,498,633
3662,498,60
3663,498,340
3664,498,569
3665,498,373
3666,498,200
3667,498,498
3668,498,399
3669,498,348
3670,498,294
