,Target,index
0,Abhd11,0
1,Ctcf,1
2,BC031181,2
3,Hhip,3
4,Slc16a10,4
5,Vwa5b2,5
6,Ass1,6
7,Vps72,7
8,Dchs1,8
9,B4galt2,9
10,Tbp,10
11,Cadm4,11
12,Arrb1,12
13,Thra,13
14,Fam53b,14
15,Zfp384,15
16,Plxna4,16
17,Zfp619,17
18,Sertad3,18
19,Atp6v0e2,19
20,Pcdhb5,20
21,Fam163b,21
22,Mical1,22
23,Zc3h7a,23
24,Zfp551,24
25,Phyhipl,25
26,Gng11,26
27,Tmem116,27
28,Nrg1,28
29,Aff3,29
30,Gps1,30
31,Rom1,31
32,4732491K20Rik,32
33,Ypel1,33
34,Kcnh2,34
35,Tnc,35
36,E2f2,36
37,Abhd3,37
38,Hs6st2,38
39,Ifrd1,39
40,Pde11a,40
41,Taf1c,41
42,Sirt7,42
43,Card10,43
44,Smoc2,44
45,Wdr83os,45
46,Galnt2,46
47,Ptprt,47
48,Kcnk6,48
49,Mid1,49
50,2810433D01Rik,50
51,Rims3,51
52,Gm10778,52
53,Slc37a4,53
54,Kazn,54
55,Sspn,55
56,Foxa3,56
57,Pex11g,57
58,Adamts5,58
59,Chst3,59
60,Tmem67,60
61,Btbd2,61
62,Eya2,62
63,1810044D09Rik,63
64,Ahrr,64
65,Kirrel3,65
66,Pik3cd,66
67,Fbxo31,67
68,Pgpep1,68
69,Dnaic1,69
70,Acvr1c,70
71,Angptl4,71
72,Ctsf,72
73,Kcnk10,73
74,4930589L23Rik,74
75,4930578M01Rik,75
76,Susd4,76
77,Spon2,77
78,Ank,78
79,Sybu,79
80,Psmb10,80
81,Dok4,81
82,Gm12708,82
83,Atp5h,83
84,D8Ertd738e,84
85,4931440J10Rik,85
86,Rras,86
87,Xrra1,87
88,Casc1,88
89,Zfp617,89
90,Tor4a,90
91,Maz,91
92,Mif4gd,92
93,Slc35b2,93
94,Ank3,94
95,Fndc5,95
96,Ppp3ca,96
97,5430416N02Rik,97
98,Rnf150,98
99,Hdac2,99
100,Lars2,100
101,Cdh18,101
102,Igsf10,102
103,Tnip1,103
104,Thap7,104
105,Hgf,105
106,Nipal2,106
107,Hcfc1,107
108,4833418N02Rik,108
109,Fam161b,109
110,Prkcd,110
111,St6gal1,111
112,Atg10,112
113,Celsr1,113
114,Rab3d,114
115,Lyz2,115
116,Opn3,116
117,Rad51d,117
118,Isg20,118
119,Tnip2,119
120,Cstf1,120
121,Kif26b,121
122,Tnfrsf22,122
123,Amer1,123
124,Gdpd5,124
125,Mki67,125
126,Shank3,126
127,Nrxn2,127
128,Atf3,128
129,Mapt,129
130,Gm6712,130
131,Rnft2,131
132,Mmp11,132
133,Zfp94,133
134,Galnt18,134
135,Piezo2,135
136,Acsl4,136
137,Endov,137
138,Grik2,138
139,Cnih3,139
140,Ptges3l,140
141,Arntl,141
142,Clock,142
143,Flcn,143
144,Tmem201,144
145,Hspa12a,145
146,Nmnat2,146
147,Ttll6,147
148,Ccdc136,148
149,Tenm4,149
150,Evi5l,150
151,Efna2,151
152,Olfm2,152
153,Coa4,153
154,Dcakd,154
155,Cdh4,155
156,Elk3,156
157,Wrap73,157
158,Dand5,158
159,Rpl12,159
160,Spns2,160
161,Ppp1r15a,161
162,Aurkaip1,162
163,Pbx1,163
164,Cfap58,164
165,Ptn,165
166,A930007I19Rik,166
167,Mrps12,167
168,Fam98c,168
169,Clasrp,169
170,Pcyt1b,170
171,Thbs4,171
172,Caskin1,172
173,Def6,173
174,Aldh1l2,174
175,Triqk,175
176,Trpm3,176
177,Pus7l,177
178,Zfp46,178
179,Pla2g5,179
180,Has2,180
181,Bcdin3d,181
182,Fancg,182
183,Gria1,183
184,Lrrc17,184
185,Slc46a3,185
186,D11Wsu47e,186
187,Tex261,187
188,Bbs10,188
189,Magi2,189
190,Lipt2,190
191,Tesk1,191
192,Mrpl41,192
193,Atxn1,193
194,Kcnab2,194
195,Foxred1,195
196,Alcam,196
197,Cdc42ep4,197
198,Ift27,198
199,Cp,199
200,Zfp14,200
201,Trpv2,201
202,Htr6,202
203,Thtpa,203
204,Rora,204
205,Dpf3,205
206,Rab36,206
207,Gm1720,207
208,Aldh3b1,208
209,Zfp82,209
210,Sh2d3c,210
211,Mthfd1l,211
212,Pam16,212
213,Arhgap6,213
214,Kcnk13,214
215,Hhipl1,215
216,Slc46a1,216
217,Mast1,217
218,Mbd2,218
219,Slc22a4,219
220,Lysmd2,220
221,Fam228b,221
222,Cdk9,222
223,Pde10a,223
224,Zfp579,224
225,Casp4,225
226,Inca1,226
227,Smarcd3,227
228,Dcp1b,228
229,Egr1,229
230,Cyba,230
231,Fer,231
232,Mroh8,232
233,Brpf3,233
234,Crlf1,234
235,Crim1,235
236,2510002D24Rik,236
237,Cped1,237
238,Lypd6,238
239,Agpat2,239
240,Maml3,240
241,Thsd7a,241
242,AI429214,242
243,Styxl1,243
244,Slfn3,244
245,Cacna2d2,245
246,Wdtc1,246
247,Tmem82,247
248,Plcb4,248
249,Chdh,249
250,Lef1,250
251,Il11ra1,251
252,Lif,252
253,Mmachc,253
254,Sdhaf1,254
255,Tusc2,255
256,Brinp1,256
257,Pigyl,257
258,Edil3,258
259,Hint3,259
260,9130019O22Rik,260
261,Dsn1,261
262,Map3k5,262
263,Adcy7,263
264,Slit3,264
265,Atp13a2,265
266,Mfsd9,266
267,Mylk,267
268,Cdkl3,268
269,Hmcn1,269
270,Lmbr1l,270
271,Efna5,271
272,Llgl1,272
273,Tspan11,273
274,Mttp,274
275,Egr3,275
276,Pkig,276
277,Slc26a11,277
278,Selp,278
279,Grpr,279
280,Rab3a,280
281,Lrrc27,281
282,Pstpip2,282
283,Pcdha9,283
284,Anln,284
285,Plcb1,285
286,Col4a4,286
287,Sec31b,287
288,Ostm1,288
289,Rapgef5,289
290,Bspry,290
291,Tor3a,291
292,Kcnip1,292
293,Csgalnact1,293
294,Zfp90,294
295,Rasl11b,295
296,Snap25,296
297,Jarid2,297
298,A430046D13Rik,298
299,Arhgap15,299
300,Cenpe,300
301,Spp1,301
302,Runx3,302
303,Gm2716,303
304,Egr2,304
305,Zfpm2,305
306,Rims2,306
307,Crmp1,307
308,Meig1,308
309,Sgsh,309
310,Samd9l,310
311,Acads,311
312,Htatip2,312
313,Gm16863,313
314,Il1rl1,314
315,Phf11d,315
316,Dhrs13,316
317,Sema5a,317
318,Pdcd4,318
319,Trmt61a,319
320,Lmo2,320
321,Cacna1c,321
322,Fbxo6,322
323,Fkrp,323
324,Sgce,324
325,Cdk8,325
326,Dyrk3,326
327,Tstd3,327
328,Ccdc122,328
329,Sh3gl2,329
330,Ramp2,330
331,Itga8,331
332,Mia2,332
333,Glis3,333
334,Hoxa3,334
335,Aqp11,335
336,1190007I07Rik,336
337,Iqgap2,337
338,Mrps33,338
339,Tanc2,339
340,Tomm70a,340
341,Unc5b,341
342,Efnb1,342
343,Eno4,343
344,Cnksr2,344
345,Dync2li1,345
346,Fbxw5,346
347,Zfp459,347
348,Zfp874b,348
349,Gpr146,349
350,Begain,350
351,Ptchd4,351
352,Dedd2,352
353,Ints1,353
354,Prkag3,354
355,Mxi1,355
356,Serpine2,356
357,L3mbtl3,357
358,Dbp,358
359,Art3,359
360,Rasgrp2,360
361,Zfpm1,361
362,Jpx,362
363,Col8a1,363
364,Sox4,364
365,Acta2,365
366,Mtg2,366
367,Fos,367
368,Taf13,368
369,Tub,369
370,Pcdh19,370
371,Phf8,371
372,Chit1,372
373,Wwox,373
374,Grm8,374
375,Ficd,375
376,Scml2,376
377,Arrdc3,377
378,Gpr3,378
379,Mcrs1,379
380,AA543186,380
381,Sulf2,381
382,Rasgef1a,382
383,Peg3,383
384,Snrpd2,384
385,Grik3,385
386,Mafk,386
387,Hcn3,387
388,Vcan,388
389,Mboat2,389
390,Ppm1h,390
391,Tigd3,391
392,Ttc25,392
393,Lgals9,393
394,Gm29642,394
395,Pbxip1,395
396,Rtp4,396
397,Mpped1,397
398,Topaz1,398
399,Zfp354b,399
400,Cd14,400
401,Inpp5k,401
402,Zfp362,402
403,Cds1,403
404,Kcnj12,404
405,Osbpl10,405
406,1700037C18Rik,406
407,Lmo1,407
408,Dlgap2,408
409,Dclk1,409
410,4933430I17Rik,410
411,9430038I01Rik,411
412,Hdac1,412
413,Maged2,413
414,Bnc2,414
415,Twist2,415
416,Col8a2,416
417,Nrcam,417
418,Fgf18,418
419,Tspan12,419
420,Dip2c,420
421,Wdr38,421
422,Ptpn13,422
423,Ifngr2,423
424,Ak8,424
425,Tmem38b,425
426,Emp1,426
427,Pdzrn3,427
428,Prss48,428
429,Tgm2,429
430,Fiz1,430
431,Bdnf,431
432,Yipf2,432
433,Sstr4,433
434,Rnls,434
435,Coro2a,435
436,Nrep,436
437,Pik3ap1,437
438,Ptprk,438
439,Mkrn3,439
440,Sarm1,440
441,Aph1a,441
442,Tmem44,442
443,Zkscan6,443
444,Twf2,444
445,Eps8l1,445
446,AA386476,446
447,Pcdhb12,447
448,Mrpl12,448
449,Dnajb5,449
450,Atad2,450
451,Fmnl2,451
452,Cenpf,452
453,Oas2,453
454,Ccdc71,454
455,Kif1a,455
456,Daam2,456
457,Xdh,457
458,Trpm4,458
459,Cnih2,459
460,Nudt7,460
461,Mad2l2,461
462,Mogat2,462
463,Itgb3,463
464,Ap5b1,464
465,Bhlhe40,465
466,Il13ra1,466
467,Zfp707,467
468,Ildr2,468
469,Lamc3,469
470,Prkab1,470
471,Zfp668,471
472,Tmco6,472
473,Rcan1,473
474,Lypla2,474
475,Ppara,475
476,Tcf7l2,476
477,Snx32,477
478,Ankrd33b,478
479,Stpg2,479
480,Abhd14b,480
481,Cdh1,481
482,Psen2,482
483,Rgs4,483
484,Mgst3,484
485,Col4a5,485
486,Ammecr1l,486
487,Chchd5,487
488,Scn3a,488
489,Nckap5,489
490,Rxrb,490
491,Cda,491
492,Mgrn1,492
493,Rcsd1,493
494,Pcyt2,494
495,Npas3,495
496,Cemip,496
497,Efemp1,497
498,Zfp143,498
499,Serpine1,499
500,Cdyl,500
501,Slc2a13,501
502,Spag4,502
503,Ikzf1,503
504,Zfp30,504
505,Mul1,505
506,Immp2l,506
507,1700095J07Rik,507
508,Trem2,508
509,Chka,509
510,1810062G17Rik,510
511,Csf1,511
512,Gpr180,512
513,Agtrap,513
514,Slc25a10,514
515,Doc2b,515
516,Nrp1,516
517,Mtx1,517
518,Pcdhb4,518
519,Car7,519
520,Srf,520
521,Ak9,521
522,Mtus2,522
523,Hspa4l,523
524,Zer1,524
525,Syt6,525
526,Tnik,526
527,Kif20b,527
528,Trps1,528
529,Txnip,529
530,Rassf7,530
531,Pag1,531
532,Gpr137c,532
533,Rundc3b,533
534,Ucp2,534
535,Sema6c,535
536,Gng8,536
537,Col5a2,537
538,Acad12,538
539,Pdlim1,539
540,Dhx40,541
541,Fcrlb,542
542,Dctpp1,543
543,1110032A03Rik,544
544,Kdm6a,545
545,Nme4,546
546,Dapk1,547
547,Rerg,548
548,Apln,549
549,Chid1,550
550,Zeb2,551
551,Naip2,552
552,Cpxm1,553
553,Cltc,554
554,Lipt1,555
555,Tmem189,556
556,Mbnl2,557
557,Fbxo47,558
558,Myo5b,559
559,Chrdl2,560
560,Rab27b,561
561,Faah,562
562,Rnasel,563
563,Xkr8,564
564,Zbtb18,565
565,Sh3tc2,566
566,4430402I18Rik,567
567,Prkch,568
568,Tor1aip2,569
569,Add2,570
570,Dnajc6,571
571,Tlr2,572
572,Id4,573
573,Mta1,574
574,Trappc2,575
575,Kcnc1,576
576,Zfp558,577
577,Gbx1,578
578,Col2a1,579
579,Olfm1,580
580,A630001G21Rik,581
581,Ano3,582
582,Irf7,583
583,4930558K02Rik,584
584,Rif1,585
585,Tmem106c,586
586,Ghdc,587
587,Rnf8,588
588,Adam23,589
589,Mtss1,590
590,Tomm40l,591
591,Synpo,592
592,Thbs1,593
593,Mdm2,594
594,Spryd3,595
595,Scd2,596
596,Tceanc2,597
597,4933433G15Rik,598
598,Tmod1,599
599,Mterf1b,600
600,Lrrc36,601
601,C1s1,602
602,Grem2,603
603,Vamp1,604
604,Tnfaip8l1,605
605,Il17rd,606
606,Adam12,607
607,1300002E11Rik,608
608,Itga9,609
609,Pam,610
610,Synm,611
611,Chd4,612
612,Men1,613
613,Trim36,614
614,Lhfpl4,615
615,Tmem45a,616
616,Mpz,617
617,Tspan33,618
618,Pola1,619
619,Mgst2,620
620,Rnd2,621
621,Pak3,622
622,Negr1,623
623,Morn1,624
624,Poli,625
625,Myo7a,626
626,Tspan17,627
627,Naip5,628
628,H2-T24,629
629,Dio2,630
630,Ptprj,631
631,Hmgcs1,632
632,Tmem161a,633
633,Mfsd2a,634
634,Peli2,635
635,Pex26,636
636,Camta1,637
637,Gle1,638
638,Grtp1,639
639,Gsg1l,640
640,Fgfr1,641
641,Sema3a,642
642,Ighmbp2,643
643,Zpbp,644
644,Htra2,645
645,Sdc3,646
646,Tspo,647
647,Cacnb4,648
648,Tox2,649
649,Mogs,650
650,Ror1,651
651,Mpg,652
652,A530013C23Rik,653
653,Bahd1,654
654,Zfp677,655
655,Pcdh7,656
656,Ugt1a7c,657
657,Mef2c,658
658,Nrg3,659
659,Chchd6,660
660,Pkp2,661
661,Fastkd3,662
662,2510009E07Rik,663
663,Acer2,664
664,Cnksr1,665
665,Brd4,666
666,Neu3,667
667,Egfr,668
668,Nos2,669
669,Snai1,670
670,Mtnr1a,671
671,Lacc1,672
672,Pdgfrb,673
673,Tmtc1,674
674,Rusc1,675
675,Ankrd42,676
676,Mapk4,677
677,Acly,678
678,Lix1,679
679,Npdc1,680
680,Mecom,681
681,Me3,682
682,Tcf7,683
683,Rfx8,684
684,Bcl10,685
685,Smc1a,686
686,Prss41,687
687,Pstk,688
688,Btn1a1,689
689,Parm1,690
690,Slc25a35,691
691,Tdrd5,692
692,Fmn1,693
693,Coasy,694
694,Apobec1,695
695,Kcnb2,696
696,Rapgefl1,697
697,Plekha2,698
698,Ypel3,699
699,Rps6kb2,701
700,Hsp90b1,702
701,Zfp710,703
702,Camk1d,704
703,Map4k1,705
704,Auts2,706
705,Gm26885,707
706,Mme,708
707,Ermard,709
708,Fnip2,710
709,Cmtr1,711
710,Izumo4,712
711,Ppargc1a,713
712,Setd1a,714
713,Epm2a,715
714,1700056E22Rik,716
715,Ptgs2,717
716,Dph2,718
717,Slc7a11,719
718,Sntg2,720
719,Chac2,721
720,Galnt13,722
721,Pde1c,723
722,Ubxn11,724
723,Mccc2,725
724,Nrde2,726
725,Sh2b2,727
726,Gm26721,728
727,Preb,729
728,Top2a,730
729,4632428C04Rik,731
730,4933405D12Rik,732
731,Ltbp1,733
732,Letm2,734
733,Hspb6,735
734,Fv1,736
735,Smagp,737
736,Matn2,738
737,Arhgef4,739
738,Myo10,740
739,Spire2,741
740,Elk4,742
741,Sorbs3,743
742,Limd2,744
743,Ctcfl,745
744,Zfp109,746
745,Gli2,747
746,Foxj2,748
747,Ifi30,749
748,Sfmbt2,750
749,Unc13b,751
750,Plcg2,752
751,Tmem130,753
752,Mapkapk5,754
753,Psmg4,755
754,Polrmt,756
755,Fads6,757
756,4933405L10Rik,758
757,Cyp51,759
758,Dph7,760
759,Cdk5rap3,761
760,Pstpip1,762
761,Thbs2,763
762,Nptxr,764
763,Mvp,765
764,Stox1,766
765,Chpf2,767
766,Elk1,768
767,Arhgap24,769
768,Smim5,770
769,Gpr149,771
770,Zfp960,772
771,Atp6v0c,773
772,Psmb5,774
773,Ptprm,775
774,Cerk,776
775,Dab1,777
776,Mettl24,778
777,Cdh2,779
778,Slc44a3,780
779,Bend7,781
780,Mcur1,782
781,Dpp9,783
782,Glipr1l1,784
783,Nol12,785
784,Catip,786
785,Myo1d,787
786,Zeb1,788
787,Depdc7,789
788,Foxo6,790
789,Shisa8,791
790,Trp53inp1,792
791,Hmox1,793
792,Itpk1,794
793,E430018J23Rik,795
794,Smc4,796
795,Rtn1,797
796,2310043O21Rik,798
797,Zfp287,799
798,Arid3b,800
799,Rgs7,801
800,Mospd1,802
801,Fndc4,803
802,Cyp2d22,804
803,Slc4a11,805
804,Exoc4,806
805,Sin3a,807
806,Lox,808
807,D930032P07Rik,809
808,Atp2a3,810
809,Neurl1b,811
810,Hdac9,812
811,Tdrd12,813
812,Arl4a,814
813,Oprd1,815
814,Hspa5,816
815,Zdhhc7,817
816,Adam9,818
817,4930467K11Rik,819
818,Colec12,820
819,Per3,821
820,Pfkfb2,822
821,1700096K18Rik,823
822,Wfs1,824
823,Naglu,825
824,Pold4,826
825,Sema7a,827
826,Ank2,828
827,Rsph4a,829
828,Dapk3,830
829,Magi1,831
830,Frmd4b,832
831,Smim12,833
832,Ghr,834
833,Dock8,835
834,Otud7a,836
835,Kctd6,837
836,Rbpjl,838
837,Mgll,839
838,Tbc1d17,840
839,Rab40b,841
840,Zfp13,842
841,Col6a3,843
842,Pde2a,844
843,R3hdm4,845
844,Sdk1,846
845,Tmod4,847
846,Rab34,848
847,Pnpla3,849
848,Syne1,850
849,A830005F24Rik,851
850,Mxd4,852
851,Serinc2,853
852,Slc24a3,854
853,Apeh,855
854,Cpt2,856
855,Ift172,857
856,Sardh,858
857,Kitl,859
858,Rnf144a,860
859,Siglec15,861
860,Sema4c,862
861,Rbbp4,863
862,Ccbe1,864
863,Zpr1,865
864,Tirap,866
865,1110019D14Rik,867
866,Gm17597,868
867,Lpin1,869
