,TF,index
0,PAX5,1
1,ATF7,18
2,NIPBL,39
3,WRNIP1,42
4,ARID3A,45
5,ETV6,63
6,ASH2L,66
7,NFATC1,74
8,USF1,102
9,RFX5,117
10,KAT2A,148
11,CHD4,157
12,BCL11A,161
13,FOS,162
14,MYB,165
15,MEF2B,183
16,REST,188
17,BACH1,201
18,RBBP5,205
19,TCF7,215
20,BRD4,219
21,E2F4,232
22,RAD21,236
23,CEBPB,241
24,CTBP1,250
25,STAT1,263
26,RUVBL2,272
27,ESRRA,277
28,NRF1,287
29,HCFC1,288
30,SKIL,294
31,CBX3,298
32,ZNF217,299
33,E4F1,311
34,SIN3A,312
35,MEF2A,338
36,RAD51,342
37,IRF5,345
38,POU2F2,354
39,JUND,356
40,NFKB1,357
41,BCL3,358
42,ATF2,365
43,MEF2C,367
44,CREM,374
45,REL,378
46,WHSC1,380
47,LMNA,392
48,EBF1,408
49,RBPJ,413
50,RCOR1,417
51,NFYA,430
52,EZH2,450
53,PBX3,451
54,ZNF143,473
55,MTA2,483
56,LMNB1,486
57,NFYB,541
58,SMAD5,550
59,JUNB,558
60,IRF4,566
61,CEBPZ,579
62,CBX5,590
63,ELK1,597
64,BCLAF1,599
65,MLLT1,600
66,E2F8,602
67,MAX,606
68,TRIM22,608
69,NFATC3,613
70,ZSCAN29,614
71,SMARCA5,615
72,KLF5,617
73,NFXL1,619
74,IKZF2,639
75,EP300,642
76,YBX1,646
77,NFKB2,649
78,RELB,650
79,CHD1,661
80,EED,663
81,FOXK2,665
82,ZNF24,667
83,RB1,674
84,RXRA,688
85,PRDM15,691
86,SIX5,695
87,HDGF,696
88,HDAC6,700
89,MXI1,711
90,ATF3,728
91,STAG1,738
92,MAFK,742
93,ZNF687,749
94,GATA3,764
95,TCF12,780
96,ZBTB4,805
97,TBP,842
98,NKRF,880
99,ZBTB11,881
100,UBTF,883
101,CREB1,885
102,ZNF622,886
103,IKZF1,893
104,DPF2,903
105,TBX21,907
106,SMC1A,909
107,YY1,910
108,TBL1XR1,914
109,CBFB,922
110,LARP7,923
111,KDM5A,927
112,SREBF2,944
113,MED1,956
114,ELF1,958
115,ZBTB33,978
116,ZNF207,979
117,ZBTB40,981
118,SMAD1,999
119,MYC,1003
120,SMC3,1025
121,TCF3,1038
122,NFIC,1043
123,RELA,1056
124,KDM1A,1062
125,SRF,1075
126,NFE2,1101
127,HSF1,1117
128,GATAD2B,1120
129,HDAC2,1133
130,RUNX3,1135
131,ETS1,1136
132,TARDBP,1141
133,USF2,1144
134,SUPT20H,1156
135,GABPA,1160
136,ZZZ3,1183
137,EGR1,1195
138,CTCF,1202
139,BATF,1211
140,PKNOX1,1229
141,NBN,1230
142,ZNF384,1235
143,NR2C2,1246
144,NR2C1,1254
145,ZFP36,1261
146,ZNF592,1275
147,SPI1,1277
148,ARNT,1283
149,CHD2,1284
150,TRIM28,1291
151,SP1,1311
152,PAX8,1317
153,MAZ,1320
154,TAF1,1321
155,BRCA1,1322
156,CHD7,1327
157,STAT5A,1328
158,FOXM1,1334
159,MTA3,1339
160,STAT3,1343
161,BHLHE40,1344
162,BMI1,1346
163,CBX8,1347
164,ZEB1,1351
165,NR2F1,1385
166,CUX1,1391
167,IRF3,1400
168,PML,1401
169,SUZ12,1426
170,SREBF1,1446
